filename,file_size,file_attributes,region_count,region_id,region_shape_attributes,region_attributes
20170601_144842_JABIL_QCELLS_521911172014200010_600Cycles-0Pa_s_A_V_cell_22.png,95304,"{}",31,0,"{""name"":""polygon"",""all_points_x"":[45,45,53,56,45],""all_points_y"":[0,33,34,1,1]}","{""Defect_Class"":""Contact_NearSolderPad""}"
20170601_144842_JABIL_QCELLS_521911172014200010_600Cycles-0Pa_s_A_V_cell_22.png,95304,"{}",31,1,"{""name"":""polygon"",""all_points_x"":[68,74,74,66],""all_points_y"":[0,0,36,36]}","{""Defect_Class"":""Contact_NearSolderPad""}"
20170601_144842_JABIL_QCELLS_521911172014200010_600Cycles-0Pa_s_A_V_cell_22.png,95304,"{}",31,2,"{""name"":""polygon"",""all_points_x"":[61,60,64,65],""all_points_y"":[8,36,36,8]}","{""Defect_Class"":""Contact_FrontGridInterruption""}"
20170601_144842_JABIL_QCELLS_521911172014200010_600Cycles-0Pa_s_A_V_cell_22.png,95304,"{}",31,3,"{""name"":""polygon"",""all_points_x"":[79,81,83,78],""all_points_y"":[0,0,34,34]}","{""Defect_Class"":""Contact_FrontGridInterruption""}"
20170601_144842_JABIL_QCELLS_521911172014200010_600Cycles-0Pa_s_A_V_cell_22.png,95304,"{}",31,4,"{""name"":""polygon"",""all_points_x"":[91,101,100,90],""all_points_y"":[0,0,35,36]}","{""Defect_Class"":""Contact_NearSolderPad""}"
20170601_144842_JABIL_QCELLS_521911172014200010_600Cycles-0Pa_s_A_V_cell_22.png,95304,"{}",31,5,"{""name"":""polygon"",""all_points_x"":[106,106,109,110],""all_points_y"":[0,35,36,0]}","{""Defect_Class"":""Contact_NearSolderPad""}"
20170601_144842_JABIL_QCELLS_521911172014200010_600Cycles-0Pa_s_A_V_cell_22.png,95304,"{}",31,6,"{""name"":""polygon"",""all_points_x"":[123,123,126,126,123],""all_points_y"":[3,35,35,0,1]}","{""Defect_Class"":""Contact_FrontGridInterruption""}"
20170601_144842_JABIL_QCELLS_521911172014200010_600Cycles-0Pa_s_A_V_cell_22.png,95304,"{}",31,7,"{""name"":""polygon"",""all_points_x"":[165,165,171,170],""all_points_y"":[1,35,35,0]}","{""Defect_Class"":""Contact_NearSolderPad""}"
20170601_144842_JABIL_QCELLS_521911172014200010_600Cycles-0Pa_s_A_V_cell_22.png,95304,"{}",31,8,"{""name"":""polygon"",""all_points_x"":[136,163,159,164,164],""all_points_y"":[34,14,0,13,35]}","{""Defect_Class"":""Crack_Closed""}"
20170601_144842_JABIL_QCELLS_521911172014200010_600Cycles-0Pa_s_A_V_cell_22.png,95304,"{}",31,9,"{""name"":""polygon"",""all_points_x"":[161,166,165,159],""all_points_y"":[41,40,113,114]}","{""Defect_Class"":""Contact_FrontGridInterruption""}"
20170601_144842_JABIL_QCELLS_521911172014200010_600Cycles-0Pa_s_A_V_cell_22.png,95304,"{}",31,10,"{""name"":""polygon"",""all_points_x"":[150,154,154,148],""all_points_y"":[55,56,127,124]}","{""Defect_Class"":""Contact_FrontGridInterruption""}"
20170601_144842_JABIL_QCELLS_521911172014200010_600Cycles-0Pa_s_A_V_cell_22.png,95304,"{}",31,11,"{""name"":""polygon"",""all_points_x"":[184,188,189,183],""all_points_y"":[1,0,35,35]}","{""Defect_Class"":""Contact_NearSolderPad""}"
20170601_144842_JABIL_QCELLS_521911172014200010_600Cycles-0Pa_s_A_V_cell_22.png,95304,"{}",31,12,"{""name"":""polygon"",""all_points_x"":[257,256,260,261],""all_points_y"":[1,33,34,0]}","{""Defect_Class"":""Contact_FrontGridInterruption""}"
20170601_144842_JABIL_QCELLS_521911172014200010_600Cycles-0Pa_s_A_V_cell_22.png,95304,"{}",31,13,"{""name"":""polygon"",""all_points_x"":[131,135,134,130],""all_points_y"":[133,135,194,188]}","{""Defect_Class"":""Contact_FrontGridInterruption""}"
20170601_144842_JABIL_QCELLS_521911172014200010_600Cycles-0Pa_s_A_V_cell_22.png,95304,"{}",31,14,"{""name"":""polygon"",""all_points_x"":[140,144,144,140],""all_points_y"":[134,134,176,176]}","{""Defect_Class"":""Contact_FrontGridInterruption""}"
20170601_144842_JABIL_QCELLS_521911172014200010_600Cycles-0Pa_s_A_V_cell_22.png,95304,"{}",31,15,"{""name"":""polygon"",""all_points_x"":[22,18,18],""all_points_y"":[48,53,46]}","{""Defect_Class"":""Crack_Isolated""}"
20170601_144842_JABIL_QCELLS_521911172014200010_600Cycles-0Pa_s_A_V_cell_22.png,95304,"{}",31,16,"{""name"":""polygon"",""all_points_x"":[228,233,232,229],""all_points_y"":[135,134,198,195]}","{""Defect_Class"":""Contact_FrontGridInterruption""}"
20170601_144842_JABIL_QCELLS_521911172014200010_600Cycles-0Pa_s_A_V_cell_22.png,95304,"{}",31,17,"{""name"":""polygon"",""all_points_x"":[216,221,221,214],""all_points_y"":[145,145,220,222]}","{""Defect_Class"":""Contact_FrontGridInterruption""}"
20170601_144842_JABIL_QCELLS_521911172014200010_600Cycles-0Pa_s_A_V_cell_22.png,95304,"{}",31,18,"{""name"":""polygon"",""all_points_x"":[274,278,278,274],""all_points_y"":[151,152,201,201]}","{""Defect_Class"":""Contact_FrontGridInterruption""}"
20170601_144842_JABIL_QCELLS_521911172014200010_600Cycles-0Pa_s_A_V_cell_22.png,95304,"{}",31,19,"{""name"":""polygon"",""all_points_x"":[168,169,169,166],""all_points_y"":[150,149,177,179]}","{""Defect_Class"":""Contact_FrontGridInterruption""}"
20170601_144842_JABIL_QCELLS_521911172014200010_600Cycles-0Pa_s_A_V_cell_22.png,95304,"{}",31,20,"{""name"":""polygon"",""all_points_x"":[54,59,55],""all_points_y"":[269,269,264]}","{""Defect_Class"":""Crack_Isolated""}"
20170601_144842_JABIL_QCELLS_521911172014200010_600Cycles-0Pa_s_A_V_cell_22.png,95304,"{}",31,21,"{""name"":""polygon"",""all_points_x"":[253,247,250],""all_points_y"":[270,269,265]}","{""Defect_Class"":""Crack_Isolated""}"
20170601_144842_JABIL_QCELLS_521911172014200010_600Cycles-0Pa_s_A_V_cell_22.png,95304,"{}",31,22,"{""name"":""polygon"",""all_points_x"":[61,62,83],""all_points_y"":[225,230,225]}","{""Defect_Class"":""Crack_Closed""}"
20170601_144842_JABIL_QCELLS_521911172014200010_600Cycles-0Pa_s_A_V_cell_22.png,95304,"{}",31,23,"{""name"":""polygon"",""all_points_x"":[89,91,86,85],""all_points_y"":[269,228,227,269]}","{""Defect_Class"":""Contact_NearSolderPad""}"
20170601_144842_JABIL_QCELLS_521911172014200010_600Cycles-0Pa_s_A_V_cell_22.png,95304,"{}",31,24,"{""name"":""polygon"",""all_points_x"":[114,118,119,110,112,113],""all_points_y"":[226,226,270,270,260,260]}","{""Defect_Class"":""Contact_NearSolderPad""}"
20170601_144842_JABIL_QCELLS_521911172014200010_600Cycles-0Pa_s_A_V_cell_22.png,95304,"{}",31,25,"{""name"":""polygon"",""all_points_x"":[138,136,141,141],""all_points_y"":[227,270,270,225]}","{""Defect_Class"":""Contact_NearSolderPad""}"
20170601_144842_JABIL_QCELLS_521911172014200010_600Cycles-0Pa_s_A_V_cell_22.png,95304,"{}",31,26,"{""name"":""polygon"",""all_points_x"":[269,274,277,271],""all_points_y"":[245,244,270,269]}","{""Defect_Class"":""Contact_NearSolderPad""}"
20170601_144842_JABIL_QCELLS_521911172014200010_600Cycles-0Pa_s_A_V_cell_22.png,95304,"{}",31,27,"{""name"":""polygon"",""all_points_x"":[53,62,59],""all_points_y"":[281,281,285]}","{""Defect_Class"":""Crack_Isolated""}"
20170601_144842_JABIL_QCELLS_521911172014200010_600Cycles-0Pa_s_A_V_cell_22.png,95304,"{}",31,28,"{""name"":""polygon"",""all_points_x"":[246,253,250],""all_points_y"":[281,281,285]}","{""Defect_Class"":""Crack_Isolated""}"
20170601_144842_JABIL_QCELLS_521911172014200010_600Cycles-0Pa_s_A_V_cell_22.png,95304,"{}",31,29,"{""name"":""polygon"",""all_points_x"":[33,38,36,30],""all_points_y"":[281,282,290,290]}","{""Defect_Class"":""Contact_NearSolderPad""}"
20170601_144842_JABIL_QCELLS_521911172014200010_600Cycles-0Pa_s_A_V_cell_22.png,95304,"{}",31,30,"{""name"":""polygon"",""all_points_x"":[192,197,195,190],""all_points_y"":[282,281,290,290]}","{""Defect_Class"":""Contact_NearSolderPad""}"
20170601_144842_JABIL_QCELLS_521911172014200010_600Cycles-0Pa_s_A_V_cell_23.png,95832,"{}",35,0,"{""name"":""polygon"",""all_points_x"":[53,52,55,55],""all_points_y"":[1,12,11,0]}","{""Defect_Class"":""Contact_FrontGridInterruption""}"
20170601_144842_JABIL_QCELLS_521911172014200010_600Cycles-0Pa_s_A_V_cell_23.png,95832,"{}",35,1,"{""name"":""polygon"",""all_points_x"":[103,103,107,107],""all_points_y"":[0,36,36,0]}","{""Defect_Class"":""Contact_NearSolderPad""}"
20170601_144842_JABIL_QCELLS_521911172014200010_600Cycles-0Pa_s_A_V_cell_23.png,95832,"{}",35,2,"{""name"":""polygon"",""all_points_x"":[130,130,134,134],""all_points_y"":[0,35,32,0]}","{""Defect_Class"":""Contact_NearSolderPad""}"
20170601_144842_JABIL_QCELLS_521911172014200010_600Cycles-0Pa_s_A_V_cell_23.png,95832,"{}",35,3,"{""name"":""polygon"",""all_points_x"":[225,225,232,231],""all_points_y"":[0,35,35,1]}","{""Defect_Class"":""Contact_NearSolderPad""}"
20170601_144842_JABIL_QCELLS_521911172014200010_600Cycles-0Pa_s_A_V_cell_23.png,95832,"{}",35,4,"{""name"":""polygon"",""all_points_x"":[236,239,240,237],""all_points_y"":[0,0,7,7]}","{""Defect_Class"":""Contact_FrontGridInterruption""}"
20170601_144842_JABIL_QCELLS_521911172014200010_600Cycles-0Pa_s_A_V_cell_23.png,95832,"{}",35,5,"{""name"":""polygon"",""all_points_x"":[193,204,204],""all_points_y"":[35,28,36]}","{""Defect_Class"":""Crack_Closed""}"
20170601_144842_JABIL_QCELLS_521911172014200010_600Cycles-0Pa_s_A_V_cell_23.png,95832,"{}",35,6,"{""name"":""polygon"",""all_points_x"":[240,252,246],""all_points_y"":[38,37,42]}","{""Defect_Class"":""Crack_Closed""}"
20170601_144842_JABIL_QCELLS_521911172014200010_600Cycles-0Pa_s_A_V_cell_23.png,95832,"{}",35,7,"{""name"":""polygon"",""all_points_x"":[47,52,52],""all_points_y"":[34,31,35]}","{""Defect_Class"":""Crack_Closed""}"
20170601_144842_JABIL_QCELLS_521911172014200010_600Cycles-0Pa_s_A_V_cell_23.png,95832,"{}",35,8,"{""name"":""polygon"",""all_points_x"":[44,41,45,48],""all_points_y"":[134,205,202,133]}","{""Defect_Class"":""Contact_FrontGridInterruption""}"
20170601_144842_JABIL_QCELLS_521911172014200010_600Cycles-0Pa_s_A_V_cell_23.png,95832,"{}",35,9,"{""name"":""polygon"",""all_points_x"":[13,33,14],""all_points_y"":[121,137,144]}","{""Defect_Class"":""Crack_Isolated""}"
20170601_144842_JABIL_QCELLS_521911172014200010_600Cycles-0Pa_s_A_V_cell_23.png,95832,"{}",35,10,"{""name"":""polygon"",""all_points_x"":[16,19,15],""all_points_y"":[46,50,52]}","{""Defect_Class"":""Crack_Isolated""}"
20170601_144842_JABIL_QCELLS_521911172014200010_600Cycles-0Pa_s_A_V_cell_23.png,95832,"{}",35,11,"{""name"":""polygon"",""all_points_x"":[129,121,120,125],""all_points_y"":[39,40,99,95]}","{""Defect_Class"":""Contact_FrontGridInterruption""}"
20170601_144842_JABIL_QCELLS_521911172014200010_600Cycles-0Pa_s_A_V_cell_23.png,95832,"{}",35,12,"{""name"":""polygon"",""all_points_x"":[148,153,152,147],""all_points_y"":[54,55,129,127]}","{""Defect_Class"":""Contact_FrontGridInterruption""}"
20170601_144842_JABIL_QCELLS_521911172014200010_600Cycles-0Pa_s_A_V_cell_23.png,95832,"{}",35,13,"{""name"":""polygon"",""all_points_x"":[161,159,159,162],""all_points_y"":[48,49,115,110]}","{""Defect_Class"":""Contact_BeltMarks""}"
20170601_144842_JABIL_QCELLS_521911172014200010_600Cycles-0Pa_s_A_V_cell_23.png,95832,"{}",35,14,"{""name"":""polygon"",""all_points_x"":[234,230,230,236],""all_points_y"":[41,40,97,99]}","{""Defect_Class"":""Contact_FrontGridInterruption""}"
20170601_144842_JABIL_QCELLS_521911172014200010_600Cycles-0Pa_s_A_V_cell_23.png,95832,"{}",35,15,"{""name"":""polygon"",""all_points_x"":[134,144,145,137],""all_points_y"":[133,134,195,192]}","{""Defect_Class"":""Contact_FrontGridInterruption""}"
20170601_144842_JABIL_QCELLS_521911172014200010_600Cycles-0Pa_s_A_V_cell_23.png,95832,"{}",35,16,"{""name"":""polygon"",""all_points_x"":[168,150,150],""all_points_y"":[132,147,133]}","{""Defect_Class"":""Crack_Closed""}"
20170601_144842_JABIL_QCELLS_521911172014200010_600Cycles-0Pa_s_A_V_cell_23.png,95832,"{}",35,17,"{""name"":""polygon"",""all_points_x"":[189,194,206],""all_points_y"":[133,138,133]}","{""Defect_Class"":""Crack_Isolated""}"
20170601_144842_JABIL_QCELLS_521911172014200010_600Cycles-0Pa_s_A_V_cell_23.png,95832,"{}",35,18,"{""name"":""polygon"",""all_points_x"":[227,233,235,225],""all_points_y"":[133,133,192,194]}","{""Defect_Class"":""Contact_FrontGridInterruption""}"
20170601_144842_JABIL_QCELLS_521911172014200010_600Cycles-0Pa_s_A_V_cell_23.png,95832,"{}",35,19,"{""name"":""polygon"",""all_points_x"":[48,74,91,126],""all_points_y"":[133,132,133,222]}","{""Defect_Class"":""Contact_FrontGridInterruption""}"
20170601_144842_JABIL_QCELLS_521911172014200010_600Cycles-0Pa_s_A_V_cell_23.png,95832,"{}",35,20,"{""name"":""polygon"",""all_points_x"":[180,186,187,182],""all_points_y"":[135,135,197,193]}","{""Defect_Class"":""Contact_FrontGridInterruption""}"
20170601_144842_JABIL_QCELLS_521911172014200010_600Cycles-0Pa_s_A_V_cell_23.png,95832,"{}",35,21,"{""name"":""polygon"",""all_points_x"":[259,244,233,259],""all_points_y"":[135,141,133,133]}","{""Defect_Class"":""Crack_Closed""}"
20170601_144842_JABIL_QCELLS_521911172014200010_600Cycles-0Pa_s_A_V_cell_23.png,95832,"{}",35,22,"{""name"":""polygon"",""all_points_x"":[272,271,277,276],""all_points_y"":[134,205,205,133]}","{""Defect_Class"":""Contact_FrontGridInterruption""}"
20170601_144842_JABIL_QCELLS_521911172014200010_600Cycles-0Pa_s_A_V_cell_23.png,95832,"{}",35,23,"{""name"":""polygon"",""all_points_x"":[40,44,45,40],""all_points_y"":[228,229,271,272]}","{""Defect_Class"":""Contact_NearSolderPad""}"
20170601_144842_JABIL_QCELLS_521911172014200010_600Cycles-0Pa_s_A_V_cell_23.png,95832,"{}",35,24,"{""name"":""polygon"",""all_points_x"":[56,60,52],""all_points_y"":[267,272,272]}","{""Defect_Class"":""Crack_Closed""}"
20170601_144842_JABIL_QCELLS_521911172014200010_600Cycles-0Pa_s_A_V_cell_23.png,95832,"{}",35,25,"{""name"":""polygon"",""all_points_x"":[93,100,99,93],""all_points_y"":[227,228,268,271]}","{""Defect_Class"":""Contact_NearSolderPad""}"
20170601_144842_JABIL_QCELLS_521911172014200010_600Cycles-0Pa_s_A_V_cell_23.png,95832,"{}",35,26,"{""name"":""polygon"",""all_points_x"":[271,275,275,271],""all_points_y"":[244,244,270,270]}","{""Defect_Class"":""Contact_FrontGridInterruption""}"
20170601_144842_JABIL_QCELLS_521911172014200010_600Cycles-0Pa_s_A_V_cell_23.png,95832,"{}",35,27,"{""name"":""polygon"",""all_points_x"":[111,107,113],""all_points_y"":[262,270,270]}","{""Defect_Class"":""Contact_FrontGridInterruption""}"
20170601_144842_JABIL_QCELLS_521911172014200010_600Cycles-0Pa_s_A_V_cell_23.png,95832,"{}",35,28,"{""name"":""polygon"",""all_points_x"":[248,248,245,253],""all_points_y"":[265,265,269,270]}","{""Defect_Class"":""Crack_Isolated""}"
20170601_144842_JABIL_QCELLS_521911172014200010_600Cycles-0Pa_s_A_V_cell_23.png,95832,"{}",35,29,"{""name"":""rect"",""x"":28,""y"":282,""width"":6,""height"":8}","{""Defect_Class"":""Contact_NearSolderPad""}"
20170601_144842_JABIL_QCELLS_521911172014200010_600Cycles-0Pa_s_A_V_cell_23.png,95832,"{}",35,30,"{""name"":""rect"",""x"":118,""y"":282,""width"":4,""height"":8}","{""Defect_Class"":""Contact_NearSolderPad""}"
20170601_144842_JABIL_QCELLS_521911172014200010_600Cycles-0Pa_s_A_V_cell_23.png,95832,"{}",35,31,"{""name"":""rect"",""x"":190,""y"":284,""width"":4,""height"":7}","{""Defect_Class"":""Contact_NearSolderPad""}"
20170601_144842_JABIL_QCELLS_521911172014200010_600Cycles-0Pa_s_A_V_cell_23.png,95832,"{}",35,32,"{""name"":""rect"",""x"":78,""y"":283,""width"":4,""height"":7}","{""Defect_Class"":""Contact_FrontGridInterruption""}"
20170601_144842_JABIL_QCELLS_521911172014200010_600Cycles-0Pa_s_A_V_cell_23.png,95832,"{}",35,33,"{""name"":""polygon"",""all_points_x"":[58,51,55],""all_points_y"":[281,280,288]}","{""Defect_Class"":""Crack_Isolated""}"
20170601_144842_JABIL_QCELLS_521911172014200010_600Cycles-0Pa_s_A_V_cell_23.png,95832,"{}",35,34,"{""name"":""polygon"",""all_points_x"":[246,251,249],""all_points_y"":[283,283,288]}","{""Defect_Class"":""Crack_Isolated""}"
20170601_144842_JABIL_QCELLS_521911172014200010_600Cycles-0Pa_s_A_V_cell_24.png,94980,"{}",30,0,"{""name"":""rect"",""x"":36,""y"":1,""width"":5,""height"":35}","{""Defect_Class"":""Contact_FrontGridInterruption""}"
20170601_144842_JABIL_QCELLS_521911172014200010_600Cycles-0Pa_s_A_V_cell_24.png,94980,"{}",30,1,"{""name"":""rect"",""x"":63,""y"":150,""width"":6,""height"":61}","{""Defect_Class"":""Contact_FrontGridInterruption""}"
20170601_144842_JABIL_QCELLS_521911172014200010_600Cycles-0Pa_s_A_V_cell_24.png,94980,"{}",30,2,"{""name"":""rect"",""x"":180,""y"":155,""width"":4,""height"":62}","{""Defect_Class"":""Contact_FrontGridInterruption""}"
20170601_144842_JABIL_QCELLS_521911172014200010_600Cycles-0Pa_s_A_V_cell_24.png,94980,"{}",30,3,"{""name"":""rect"",""x"":259,""y"":40,""width"":4,""height"":50}","{""Defect_Class"":""Contact_FrontGridInterruption""}"
20170601_144842_JABIL_QCELLS_521911172014200010_600Cycles-0Pa_s_A_V_cell_24.png,94980,"{}",30,4,"{""name"":""rect"",""x"":124,""y"":40,""width"":8,""height"":64}","{""Defect_Class"":""Contact_FrontGridInterruption""}"
20170601_144842_JABIL_QCELLS_521911172014200010_600Cycles-0Pa_s_A_V_cell_24.png,94980,"{}",30,5,"{""name"":""rect"",""x"":271,""y"":245,""width"":5,""height"":27}","{""Defect_Class"":""Contact_FrontGridInterruption""}"
20170601_144842_JABIL_QCELLS_521911172014200010_600Cycles-0Pa_s_A_V_cell_24.png,94980,"{}",30,6,"{""name"":""rect"",""x"":272,""y"":134,""width"":5,""height"":67}","{""Defect_Class"":""Contact_FrontGridInterruption""}"
20170601_144842_JABIL_QCELLS_521911172014200010_600Cycles-0Pa_s_A_V_cell_24.png,94980,"{}",30,7,"{""name"":""rect"",""x"":167,""y"":39,""width"":4,""height"":53}","{""Defect_Class"":""Contact_FrontGridInterruption""}"
20170601_144842_JABIL_QCELLS_521911172014200010_600Cycles-0Pa_s_A_V_cell_24.png,94980,"{}",30,8,"{""name"":""rect"",""x"":177,""y"":41,""width"":6,""height"":48}","{""Defect_Class"":""Contact_FrontGridInterruption""}"
20170601_144842_JABIL_QCELLS_521911172014200010_600Cycles-0Pa_s_A_V_cell_24.png,94980,"{}",30,9,"{""name"":""rect"",""x"":214,""y"":40,""width"":4,""height"":19}","{""Defect_Class"":""Contact_FrontGridInterruption""}"
20170601_144842_JABIL_QCELLS_521911172014200010_600Cycles-0Pa_s_A_V_cell_24.png,94980,"{}",30,10,"{""name"":""rect"",""x"":222,""y"":40,""width"":5,""height"":67}","{""Defect_Class"":""Contact_FrontGridInterruption""}"
20170601_144842_JABIL_QCELLS_521911172014200010_600Cycles-0Pa_s_A_V_cell_24.png,94980,"{}",30,11,"{""name"":""rect"",""x"":50,""y"":1,""width"":4,""height"":13}","{""Defect_Class"":""Contact_FrontGridInterruption""}"
20170601_144842_JABIL_QCELLS_521911172014200010_600Cycles-0Pa_s_A_V_cell_24.png,94980,"{}",30,12,"{""name"":""rect"",""x"":152,""y"":0,""width"":5,""height"":22}","{""Defect_Class"":""Contact_FrontGridInterruption""}"
20170601_144842_JABIL_QCELLS_521911172014200010_600Cycles-0Pa_s_A_V_cell_24.png,94980,"{}",30,13,"{""name"":""rect"",""x"":234,""y"":1,""width"":5,""height"":7}","{""Defect_Class"":""Contact_FrontGridInterruption""}"
20170601_144842_JABIL_QCELLS_521911172014200010_600Cycles-0Pa_s_A_V_cell_24.png,94980,"{}",30,14,"{""name"":""rect"",""x"":242,""y"":47,""width"":7,""height"":68}","{""Defect_Class"":""Contact_FrontGridInterruption""}"
20170601_144842_JABIL_QCELLS_521911172014200010_600Cycles-0Pa_s_A_V_cell_24.png,94980,"{}",30,15,"{""name"":""rect"",""x"":225,""y"":134,""width"":7,""height"":61}","{""Defect_Class"":""Contact_FrontGridInterruption""}"
20170601_144842_JABIL_QCELLS_521911172014200010_600Cycles-0Pa_s_A_V_cell_24.png,94980,"{}",30,16,"{""name"":""rect"",""x"":256,""y"":134,""width"":6,""height"":31}","{""Defect_Class"":""Contact_FrontGridInterruption""}"
20170601_144842_JABIL_QCELLS_521911172014200010_600Cycles-0Pa_s_A_V_cell_24.png,94980,"{}",30,17,"{""name"":""rect"",""x"":269,""y"":49,""width"":7,""height"":77}","{""Defect_Class"":""Contact_FrontGridInterruption""}"
20170601_144842_JABIL_QCELLS_521911172014200010_600Cycles-0Pa_s_A_V_cell_24.png,94980,"{}",30,18,"{""name"":""rect"",""x"":107,""y"":260,""width"":8,""height"":12}","{""Defect_Class"":""Contact_FrontGridInterruption""}"
20170601_144842_JABIL_QCELLS_521911172014200010_600Cycles-0Pa_s_A_V_cell_24.png,94980,"{}",30,19,"{""name"":""polygon"",""all_points_x"":[51,98,123,129],""all_points_y"":[34,20,24,34]}","{""Defect_Class"":""Crack_Closed""}"
20170601_144842_JABIL_QCELLS_521911172014200010_600Cycles-0Pa_s_A_V_cell_24.png,94980,"{}",30,20,"{""name"":""polygon"",""all_points_x"":[139,152,159,163,166],""all_points_y"":[38,45,47,45,38]}","{""Defect_Class"":""Crack_Closed""}"
20170601_144842_JABIL_QCELLS_521911172014200010_600Cycles-0Pa_s_A_V_cell_24.png,94980,"{}",30,21,"{""name"":""polygon"",""all_points_x"":[48,65,58,41,42],""all_points_y"":[131,132,139,136,131]}","{""Defect_Class"":""Crack_Closed""}"
20170601_144842_JABIL_QCELLS_521911172014200010_600Cycles-0Pa_s_A_V_cell_24.png,94980,"{}",30,22,"{""name"":""polygon"",""all_points_x"":[285,277,277,273,280,288,288],""all_points_y"":[128,125,127,128,136,132,131]}","{""Defect_Class"":""Crack_Closed""}"
20170601_144842_JABIL_QCELLS_521911172014200010_600Cycles-0Pa_s_A_V_cell_24.png,94980,"{}",30,23,"{""name"":""polygon"",""all_points_x"":[248,252,249],""all_points_y"":[271,272,262]}","{""Defect_Class"":""Crack_Isolated""}"
20170601_144842_JABIL_QCELLS_521911172014200010_600Cycles-0Pa_s_A_V_cell_24.png,94980,"{}",30,24,"{""name"":""polygon"",""all_points_x"":[52,58,57],""all_points_y"":[270,272,264]}","{""Defect_Class"":""Crack_Isolated""}"
20170601_144842_JABIL_QCELLS_521911172014200010_600Cycles-0Pa_s_A_V_cell_24.png,94980,"{}",30,25,"{""name"":""polygon"",""all_points_x"":[51,58,58],""all_points_y"":[283,282,286]}","{""Defect_Class"":""Crack_Isolated""}"
20170601_144842_JABIL_QCELLS_521911172014200010_600Cycles-0Pa_s_A_V_cell_24.png,94980,"{}",30,26,"{""name"":""polygon"",""all_points_x"":[245,256,250],""all_points_y"":[283,283,288]}","{""Defect_Class"":""Crack_Isolated""}"
20170601_144842_JABIL_QCELLS_521911172014200010_600Cycles-0Pa_s_A_V_cell_24.png,94980,"{}",30,27,"{""name"":""rect"",""x"":30,""y"":282,""width"":5,""height"":8}","{""Defect_Class"":""Contact_FrontGridInterruption""}"
20170601_144842_JABIL_QCELLS_521911172014200010_600Cycles-0Pa_s_A_V_cell_24.png,94980,"{}",30,28,"{""name"":""rect"",""x"":191,""y"":283,""width"":4,""height"":7}","{""Defect_Class"":""Contact_FrontGridInterruption""}"
20170601_144842_JABIL_QCELLS_521911172014200010_600Cycles-0Pa_s_A_V_cell_24.png,94980,"{}",30,29,"{""name"":""polygon"",""all_points_x"":[15,18,15],""all_points_y"":[47,49,52]}","{""Defect_Class"":""Crack_Isolated""}"
20170601_144842_JABIL_QCELLS_521911172014200010_600Cycles-0Pa_s_A_V_cell_25.png,96860,"{}",26,0,"{""name"":""polygon"",""all_points_x"":[14,35,22,14],""all_points_y"":[126,137,142,144]}","{""Defect_Class"":""Crack_Isolated""}"
20170601_144842_JABIL_QCELLS_521911172014200010_600Cycles-0Pa_s_A_V_cell_25.png,96860,"{}",26,1,"{""name"":""polygon"",""all_points_x"":[42,71,162,243,293,293,292,183,91,79,75],""all_points_y"":[133,148,226,225,265,133,39,40,128,123,129]}","{""Defect_Class"":""Crack_Resistive""}"
20170601_144842_JABIL_QCELLS_521911172014200010_600Cycles-0Pa_s_A_V_cell_25.png,96860,"{}",26,2,"{""name"":""polygon"",""all_points_x"":[54,60,56],""all_points_y"":[271,271,265]}","{""Defect_Class"":""Crack_Isolated""}"
20170601_144842_JABIL_QCELLS_521911172014200010_600Cycles-0Pa_s_A_V_cell_25.png,96860,"{}",26,3,"{""name"":""polygon"",""all_points_x"":[109,115,114,109],""all_points_y"":[271,272,262,269]}","{""Defect_Class"":""Crack_Isolated""}"
20170601_144842_JABIL_QCELLS_521911172014200010_600Cycles-0Pa_s_A_V_cell_25.png,96860,"{}",26,4,"{""name"":""polygon"",""all_points_x"":[249,258,256,251],""all_points_y"":[271,273,235,232]}","{""Defect_Class"":""Contact_NearSolderPad""}"
20170601_144842_JABIL_QCELLS_521911172014200010_600Cycles-0Pa_s_A_V_cell_25.png,96860,"{}",26,5,"{""name"":""polygon"",""all_points_x"":[278,273,273,276],""all_points_y"":[271,273,250,252]}","{""Defect_Class"":""Contact_NearSolderPad""}"
20170601_144842_JABIL_QCELLS_521911172014200010_600Cycles-0Pa_s_A_V_cell_25.png,96860,"{}",26,6,"{""name"":""rect"",""x"":38,""y"":139,""width"":4,""height"":85}","{""Defect_Class"":""Contact_FrontGridInterruption""}"
20170601_144842_JABIL_QCELLS_521911172014200010_600Cycles-0Pa_s_A_V_cell_25.png,96860,"{}",26,7,"{""name"":""rect"",""x"":133,""y"":1,""width"":8,""height"":34}","{""Defect_Class"":""Contact_NearSolderPad""}"
20170601_144842_JABIL_QCELLS_521911172014200010_600Cycles-0Pa_s_A_V_cell_25.png,96860,"{}",26,8,"{""name"":""rect"",""x"":96,""y"":0,""width"":5,""height"":37}","{""Defect_Class"":""Contact_NearSolderPad""}"
20170601_144842_JABIL_QCELLS_521911172014200010_600Cycles-0Pa_s_A_V_cell_25.png,96860,"{}",26,9,"{""name"":""rect"",""x"":130,""y"":283,""width"":10,""height"":8}","{""Defect_Class"":""Contact_NearSolderPad""}"
20170601_144842_JABIL_QCELLS_521911172014200010_600Cycles-0Pa_s_A_V_cell_25.png,96860,"{}",26,10,"{""name"":""rect"",""x"":173,""y"":1,""width"":9,""height"":34}","{""Defect_Class"":""Contact_NearSolderPad""}"
20170601_144842_JABIL_QCELLS_521911172014200010_600Cycles-0Pa_s_A_V_cell_25.png,96860,"{}",26,11,"{""name"":""rect"",""x"":218,""y"":1,""width"":7,""height"":36}","{""Defect_Class"":""Contact_NearSolderPad""}"
20170601_144842_JABIL_QCELLS_521911172014200010_600Cycles-0Pa_s_A_V_cell_25.png,96860,"{}",26,12,"{""name"":""rect"",""x"":228,""y"":0,""width"":6,""height"":36}","{""Defect_Class"":""Contact_NearSolderPad""}"
20170601_144842_JABIL_QCELLS_521911172014200010_600Cycles-0Pa_s_A_V_cell_25.png,96860,"{}",26,13,"{""name"":""rect"",""x"":36,""y"":1,""width"":6,""height"":35}","{""Defect_Class"":""Contact_FrontGridInterruption""}"
20170601_144842_JABIL_QCELLS_521911172014200010_600Cycles-0Pa_s_A_V_cell_25.png,96860,"{}",26,14,"{""name"":""rect"",""x"":44,""y"":0,""width"":3,""height"":36}","{""Defect_Class"":""Contact_NearSolderPad""}"
20170601_144842_JABIL_QCELLS_521911172014200010_600Cycles-0Pa_s_A_V_cell_25.png,96860,"{}",26,15,"{""name"":""rect"",""x"":50,""y"":0,""width"":3,""height"":34}","{""Defect_Class"":""Contact_NearSolderPad""}"
20170601_144842_JABIL_QCELLS_521911172014200010_600Cycles-0Pa_s_A_V_cell_25.png,96860,"{}",26,16,"{""name"":""rect"",""x"":164,""y"":0,""width"":6,""height"":37}","{""Defect_Class"":""Contact_NearSolderPad""}"
20170601_144842_JABIL_QCELLS_521911172014200010_600Cycles-0Pa_s_A_V_cell_25.png,96860,"{}",26,17,"{""name"":""polygon"",""all_points_x"":[64,68,70,64],""all_points_y"":[150,153,212,209]}","{""Defect_Class"":""Contact_FrontGridInterruption""}"
20170601_144842_JABIL_QCELLS_521911172014200010_600Cycles-0Pa_s_A_V_cell_25.png,96860,"{}",26,18,"{""name"":""polygon"",""all_points_x"":[54,61,57],""all_points_y"":[283,284,288]}","{""Defect_Class"":""Crack_Isolated""}"
20170601_144842_JABIL_QCELLS_521911172014200010_600Cycles-0Pa_s_A_V_cell_25.png,96860,"{}",26,19,"{""name"":""polygon"",""all_points_x"":[247,251,255],""all_points_y"":[284,289,284]}","{""Defect_Class"":""Crack_Isolated""}"
20170601_144842_JABIL_QCELLS_521911172014200010_600Cycles-0Pa_s_A_V_cell_25.png,96860,"{}",26,20,"{""name"":""polygon"",""all_points_x"":[193,198,198,193],""all_points_y"":[285,285,290,291]}","{""Defect_Class"":""Contact_FrontGridInterruption""}"
20170601_144842_JABIL_QCELLS_521911172014200010_600Cycles-0Pa_s_A_V_cell_25.png,96860,"{}",26,21,"{""name"":""polygon"",""all_points_x"":[235,237,237,241,242,234],""all_points_y"":[9,9,35,36,0,0]}","{""Defect_Class"":""Contact_NearSolderPad""}"
20170601_144842_JABIL_QCELLS_521911172014200010_600Cycles-0Pa_s_A_V_cell_25.png,96860,"{}",26,22,"{""name"":""polygon"",""all_points_x"":[93,96,96,94,92],""all_points_y"":[50,50,120,124,124]}","{""Defect_Class"":""Contact_FrontGridInterruption""}"
20170601_144842_JABIL_QCELLS_521911172014200010_600Cycles-0Pa_s_A_V_cell_25.png,96860,"{}",26,23,"{""name"":""polygon"",""all_points_x"":[106,102,101,104],""all_points_y"":[62,66,117,113]}","{""Defect_Class"":""Contact_FrontGridInterruption""}"
20170601_144842_JABIL_QCELLS_521911172014200010_600Cycles-0Pa_s_A_V_cell_25.png,96860,"{}",26,24,"{""name"":""polygon"",""all_points_x"":[15,18,17,14],""all_points_y"":[48,50,53,53]}","{""Defect_Class"":""Crack_Isolated""}"
20170601_144842_JABIL_QCELLS_521911172014200010_600Cycles-0Pa_s_A_V_cell_25.png,96860,"{}",26,25,"{""name"":""polygon"",""all_points_x"":[152,152,156,155],""all_points_y"":[0,22,21,0]}","{""Defect_Class"":""Contact_FrontGridInterruption""}"
20170601_144842_JABIL_QCELLS_521911172014200010_600Cycles-0Pa_s_A_V_cell_26.png,94802,"{}",40,0,"{""name"":""polygon"",""all_points_x"":[14,21,15],""all_points_y"":[47,50,54]}","{""Defect_Class"":""Crack_Isolated""}"
20170601_144842_JABIL_QCELLS_521911172014200010_600Cycles-0Pa_s_A_V_cell_26.png,94802,"{}",40,1,"{""name"":""polygon"",""all_points_x"":[54,61,58],""all_points_y"":[271,272,267]}","{""Defect_Class"":""Crack_Isolated""}"
20170601_144842_JABIL_QCELLS_521911172014200010_600Cycles-0Pa_s_A_V_cell_26.png,94802,"{}",40,2,"{""name"":""polygon"",""all_points_x"":[250,255,253],""all_points_y"":[271,272,267]}","{""Defect_Class"":""Crack_Isolated""}"
20170601_144842_JABIL_QCELLS_521911172014200010_600Cycles-0Pa_s_A_V_cell_26.png,94802,"{}",40,3,"{""name"":""polygon"",""all_points_x"":[191,204,212,217],""all_points_y"":[133,144,144,133]}","{""Defect_Class"":""Crack_Closed""}"
20170601_144842_JABIL_QCELLS_521911172014200010_600Cycles-0Pa_s_A_V_cell_26.png,94802,"{}",40,4,"{""name"":""polygon"",""all_points_x"":[45,71,61,50],""all_points_y"":[37,38,45,43]}","{""Defect_Class"":""Crack_Closed""}"
20170601_144842_JABIL_QCELLS_521911172014200010_600Cycles-0Pa_s_A_V_cell_26.png,94802,"{}",40,5,"{""name"":""polygon"",""all_points_x"":[229,236,235,239,238,230],""all_points_y"":[36,36,10,9,1,0]}","{""Defect_Class"":""Contact_NearSolderPad""}"
20170601_144842_JABIL_QCELLS_521911172014200010_600Cycles-0Pa_s_A_V_cell_26.png,94802,"{}",40,6,"{""name"":""polygon"",""all_points_x"":[47,77,69,58,50],""all_points_y"":[134,133,139,139,137]}","{""Defect_Class"":""Crack_Closed""}"
20170601_144842_JABIL_QCELLS_521911172014200010_600Cycles-0Pa_s_A_V_cell_26.png,94802,"{}",40,7,"{""name"":""polygon"",""all_points_x"":[102,110,120],""all_points_y"":[38,34,39]}","{""Defect_Class"":""Crack_Closed""}"
20170601_144842_JABIL_QCELLS_521911172014200010_600Cycles-0Pa_s_A_V_cell_26.png,94802,"{}",40,8,"{""name"":""rect"",""x"":49,""y"":0,""width"":6,""height"":12}","{""Defect_Class"":""Contact_FrontGridInterruption""}"
20170601_144842_JABIL_QCELLS_521911172014200010_600Cycles-0Pa_s_A_V_cell_26.png,94802,"{}",40,9,"{""name"":""rect"",""x"":64,""y"":151,""width"":7,""height"":63}","{""Defect_Class"":""Contact_FrontGridInterruption""}"
20170601_144842_JABIL_QCELLS_521911172014200010_600Cycles-0Pa_s_A_V_cell_26.png,94802,"{}",40,10,"{""name"":""rect"",""x"":182,""y"":156,""width"":5,""height"":63}","{""Defect_Class"":""Contact_FrontGridInterruption""}"
20170601_144842_JABIL_QCELLS_521911172014200010_600Cycles-0Pa_s_A_V_cell_26.png,94802,"{}",40,11,"{""name"":""rect"",""x"":229,""y"":135,""width"":8,""height"":62}","{""Defect_Class"":""Contact_FrontGridInterruption""}"
20170601_144842_JABIL_QCELLS_521911172014200010_600Cycles-0Pa_s_A_V_cell_26.png,94802,"{}",40,12,"{""name"":""rect"",""x"":137,""y"":0,""width"":8,""height"":38}","{""Defect_Class"":""Contact_NearSolderPad""}"
20170601_144842_JABIL_QCELLS_521911172014200010_600Cycles-0Pa_s_A_V_cell_26.png,94802,"{}",40,13,"{""name"":""rect"",""x"":69,""y"":0,""width"":4,""height"":36}","{""Defect_Class"":""Contact_NearSolderPad""}"
20170601_144842_JABIL_QCELLS_521911172014200010_600Cycles-0Pa_s_A_V_cell_26.png,94802,"{}",40,14,"{""name"":""rect"",""x"":76,""y"":0,""width"":4,""height"":35}","{""Defect_Class"":""Contact_NearSolderPad""}"
20170601_144842_JABIL_QCELLS_521911172014200010_600Cycles-0Pa_s_A_V_cell_26.png,94802,"{}",40,15,"{""name"":""rect"",""x"":84,""y"":0,""width"":3,""height"":35}","{""Defect_Class"":""Contact_FrontGridInterruption""}"
20170601_144842_JABIL_QCELLS_521911172014200010_600Cycles-0Pa_s_A_V_cell_26.png,94802,"{}",40,16,"{""name"":""rect"",""x"":89,""y"":0,""width"":5,""height"":35}","{""Defect_Class"":""Contact_NearSolderPad""}"
20170601_144842_JABIL_QCELLS_521911172014200010_600Cycles-0Pa_s_A_V_cell_26.png,94802,"{}",40,17,"{""name"":""rect"",""x"":129,""y"":0,""width"":6,""height"":37}","{""Defect_Class"":""Contact_NearSolderPad""}"
20170601_144842_JABIL_QCELLS_521911172014200010_600Cycles-0Pa_s_A_V_cell_26.png,94802,"{}",40,18,"{""name"":""rect"",""x"":150,""y"":0,""width"":7,""height"":23}","{""Defect_Class"":""Contact_FrontGridInterruption""}"
20170601_144842_JABIL_QCELLS_521911172014200010_600Cycles-0Pa_s_A_V_cell_26.png,94802,"{}",40,19,"{""name"":""rect"",""x"":173,""y"":0,""width"":5,""height"":36}","{""Defect_Class"":""Contact_FrontGridInterruption""}"
20170601_144842_JABIL_QCELLS_521911172014200010_600Cycles-0Pa_s_A_V_cell_26.png,94802,"{}",40,20,"{""name"":""rect"",""x"":220,""y"":0,""width"":6,""height"":36}","{""Defect_Class"":""Contact_NearSolderPad""}"
20170601_144842_JABIL_QCELLS_521911172014200010_600Cycles-0Pa_s_A_V_cell_26.png,94802,"{}",40,21,"{""name"":""rect"",""x"":261,""y"":1,""width"":4,""height"":38}","{""Defect_Class"":""Contact_NearSolderPad""}"
20170601_144842_JABIL_QCELLS_521911172014200010_600Cycles-0Pa_s_A_V_cell_26.png,94802,"{}",40,22,"{""name"":""rect"",""x"":41,""y"":39,""width"":5,""height"":63}","{""Defect_Class"":""Contact_FrontGridInterruption""}"
20170601_144842_JABIL_QCELLS_521911172014200010_600Cycles-0Pa_s_A_V_cell_26.png,94802,"{}",40,23,"{""name"":""rect"",""x"":149,""y"":125,""width"":6,""height"":14}","{""Defect_Class"":""Contact_FrontGridInterruption""}"
20170601_144842_JABIL_QCELLS_521911172014200010_600Cycles-0Pa_s_A_V_cell_26.png,94802,"{}",40,24,"{""name"":""rect"",""x"":158,""y"":124,""width"":4,""height"":16}","{""Defect_Class"":""Contact_FrontGridInterruption""}"
20170601_144842_JABIL_QCELLS_521911172014200010_600Cycles-0Pa_s_A_V_cell_26.png,94802,"{}",40,25,"{""name"":""rect"",""x"":221,""y"":43,""width"":4,""height"":53}","{""Defect_Class"":""Contact_FrontGridInterruption""}"
20170601_144842_JABIL_QCELLS_521911172014200010_600Cycles-0Pa_s_A_V_cell_26.png,94802,"{}",40,26,"{""name"":""rect"",""x"":243,""y"":69,""width"":6,""height"":48}","{""Defect_Class"":""Contact_FrontGridInterruption""}"
20170601_144842_JABIL_QCELLS_521911172014200010_600Cycles-0Pa_s_A_V_cell_26.png,94802,"{}",40,27,"{""name"":""rect"",""x"":269,""y"":43,""width"":7,""height"":81}","{""Defect_Class"":""Contact_FrontGridInterruption""}"
20170601_144842_JABIL_QCELLS_521911172014200010_600Cycles-0Pa_s_A_V_cell_26.png,94802,"{}",40,28,"{""name"":""rect"",""x"":112,""y"":263,""width"":6,""height"":11}","{""Defect_Class"":""Contact_FrontGridInterruption""}"
20170601_144842_JABIL_QCELLS_521911172014200010_600Cycles-0Pa_s_A_V_cell_26.png,94802,"{}",40,29,"{""name"":""rect"",""x"":274,""y"":249,""width"":5,""height"":25}","{""Defect_Class"":""Contact_FrontGridInterruption""}"
20170601_144842_JABIL_QCELLS_521911172014200010_600Cycles-0Pa_s_A_V_cell_26.png,94802,"{}",40,30,"{""name"":""rect"",""x"":274,""y"":150,""width"":6,""height"":59}","{""Defect_Class"":""Contact_FrontGridInterruption""}"
20170601_144842_JABIL_QCELLS_521911172014200010_600Cycles-0Pa_s_A_V_cell_26.png,94802,"{}",40,31,"{""name"":""polygon"",""all_points_x"":[276,293,285],""all_points_y"":[132,134,126]}","{""Defect_Class"":""Crack_Closed""}"
20170601_144842_JABIL_QCELLS_521911172014200010_600Cycles-0Pa_s_A_V_cell_26.png,94802,"{}",40,32,"{""name"":""rect"",""x"":168,""y"":285,""width"":15,""height"":6}","{""Defect_Class"":""Contact_NearSolderPad""}"
20170601_144842_JABIL_QCELLS_521911172014200010_600Cycles-0Pa_s_A_V_cell_26.png,94802,"{}",40,33,"{""name"":""rect"",""x"":193,""y"":286,""width"":6,""height"":5}","{""Defect_Class"":""Contact_NearSolderPad""}"
20170601_144842_JABIL_QCELLS_521911172014200010_600Cycles-0Pa_s_A_V_cell_26.png,94802,"{}",40,34,"{""name"":""rect"",""x"":32,""y"":286,""width"":5,""height"":4}","{""Defect_Class"":""Contact_FrontGridInterruption""}"
20170601_144842_JABIL_QCELLS_521911172014200010_600Cycles-0Pa_s_A_V_cell_26.png,94802,"{}",40,35,"{""name"":""rect"",""x"":211,""y"":285,""width"":17,""height"":6}","{""Defect_Class"":""Contact_NearSolderPad""}"
20170601_144842_JABIL_QCELLS_521911172014200010_600Cycles-0Pa_s_A_V_cell_26.png,94802,"{}",40,36,"{""name"":""rect"",""x"":249,""y"":286,""width"":7,""height"":5}","{""Defect_Class"":""Contact_NearSolderPad""}"
20170601_144842_JABIL_QCELLS_521911172014200010_600Cycles-0Pa_s_A_V_cell_26.png,94802,"{}",40,37,"{""name"":""rect"",""x"":78,""y"":285,""width"":6,""height"":5}","{""Defect_Class"":""Contact_FrontGridInterruption""}"
20170601_144842_JABIL_QCELLS_521911172014200010_600Cycles-0Pa_s_A_V_cell_26.png,94802,"{}",40,38,"{""name"":""polygon"",""all_points_x"":[60,58,53],""all_points_y"":[285,290,284]}","{""Defect_Class"":""Crack_Isolated""}"
20170601_144842_JABIL_QCELLS_521911172014200010_600Cycles-0Pa_s_A_V_cell_26.png,94802,"{}",40,39,"{""name"":""rect"",""x"":55,""y"":46,""width"":9,""height"":55}","{""Defect_Class"":""Contact_FrontGridInterruption""}"
20170601_144842_JABIL_QCELLS_521911172014200010_600Cycles-0Pa_s_A_V_cell_27.png,94771,"{}",26,0,"{""name"":""rect"",""x"":81,""y"":44,""width"":14,""height"":62}","{""Defect_Class"":""Contact_NearSolderPad""}"
20170601_144842_JABIL_QCELLS_521911172014200010_600Cycles-0Pa_s_A_V_cell_27.png,94771,"{}",26,1,"{""name"":""rect"",""x"":253,""y"":1,""width"":6,""height"":38}","{""Defect_Class"":""Contact_NearSolderPad""}"
20170601_144842_JABIL_QCELLS_521911172014200010_600Cycles-0Pa_s_A_V_cell_27.png,94771,"{}",26,2,"{""name"":""rect"",""x"":232,""y"":0,""width"":7,""height"":12}","{""Defect_Class"":""Contact_FrontGridInterruption""}"
20170601_144842_JABIL_QCELLS_521911172014200010_600Cycles-0Pa_s_A_V_cell_27.png,94771,"{}",26,3,"{""name"":""rect"",""x"":103,""y"":1,""width"":4,""height"":38}","{""Defect_Class"":""Contact_NearSolderPad""}"
20170601_144842_JABIL_QCELLS_521911172014200010_600Cycles-0Pa_s_A_V_cell_27.png,94771,"{}",26,4,"{""name"":""rect"",""x"":147,""y"":75,""width"":7,""height"":67}","{""Defect_Class"":""Contact_FrontGridInterruption""}"
20170601_144842_JABIL_QCELLS_521911172014200010_600Cycles-0Pa_s_A_V_cell_27.png,94771,"{}",26,5,"{""name"":""rect"",""x"":117,""y"":42,""width"":6,""height"":59}","{""Defect_Class"":""Contact_FrontGridInterruption""}"
20170601_144842_JABIL_QCELLS_521911172014200010_600Cycles-0Pa_s_A_V_cell_27.png,94771,"{}",26,6,"{""name"":""rect"",""x"":216,""y"":161,""width"":8,""height"":67}","{""Defect_Class"":""Contact_FrontGridInterruption""}"
20170601_144842_JABIL_QCELLS_521911172014200010_600Cycles-0Pa_s_A_V_cell_27.png,94771,"{}",26,7,"{""name"":""rect"",""x"":274,""y"":250,""width"":6,""height"":27}","{""Defect_Class"":""Contact_FrontGridInterruption""}"
20170601_144842_JABIL_QCELLS_521911172014200010_600Cycles-0Pa_s_A_V_cell_27.png,94771,"{}",26,8,"{""name"":""rect"",""x"":253,""y"":160,""width"":10,""height"":69}","{""Defect_Class"":""Contact_FrontGridInterruption""}"
20170601_144842_JABIL_QCELLS_521911172014200010_600Cycles-0Pa_s_A_V_cell_27.png,94771,"{}",26,9,"{""name"":""rect"",""x"":135,""y"":43,""width"":7,""height"":52}","{""Defect_Class"":""Contact_FrontGridInterruption""}"
20170601_144842_JABIL_QCELLS_521911172014200010_600Cycles-0Pa_s_A_V_cell_27.png,94771,"{}",26,10,"{""name"":""rect"",""x"":168,""y"":43,""width"":9,""height"":61}","{""Defect_Class"":""Contact_FrontGridInterruption""}"
20170601_144842_JABIL_QCELLS_521911172014200010_600Cycles-0Pa_s_A_V_cell_27.png,94771,"{}",26,11,"{""name"":""rect"",""x"":158,""y"":50,""width"":6,""height"":62}","{""Defect_Class"":""Contact_FrontGridInterruption""}"
20170601_144842_JABIL_QCELLS_521911172014200010_600Cycles-0Pa_s_A_V_cell_27.png,94771,"{}",26,12,"{""name"":""polygon"",""all_points_x"":[47,51,50,53,53,46],""all_points_y"":[37,38,15,13,1,1]}","{""Defect_Class"":""Contact_NearSolderPad""}"
20170601_144842_JABIL_QCELLS_521911172014200010_600Cycles-0Pa_s_A_V_cell_27.png,94771,"{}",26,13,"{""name"":""polygon"",""all_points_x"":[84,74,65,51,56,82],""all_points_y"":[38,30,29,39,40,39]}","{""Defect_Class"":""Crack_Closed""}"
20170601_144842_JABIL_QCELLS_521911172014200010_600Cycles-0Pa_s_A_V_cell_27.png,94771,"{}",26,14,"{""name"":""polygon"",""all_points_x"":[15,19,15],""all_points_y"":[49,52,55]}","{""Defect_Class"":""Crack_Isolated""}"
20170601_144842_JABIL_QCELLS_521911172014200010_600Cycles-0Pa_s_A_V_cell_27.png,94771,"{}",26,15,"{""name"":""polygon"",""all_points_x"":[46,78,66,59],""all_points_y"":[134,134,146,146]}","{""Defect_Class"":""Crack_Closed""}"
20170601_144842_JABIL_QCELLS_521911172014200010_600Cycles-0Pa_s_A_V_cell_27.png,94771,"{}",26,16,"{""name"":""polygon"",""all_points_x"":[171,165,166,166,169,169],""all_points_y"":[150,151,179,186,182,153]}","{""Defect_Class"":""Contact_FrontGridInterruption""}"
20170601_144842_JABIL_QCELLS_521911172014200010_600Cycles-0Pa_s_A_V_cell_27.png,94771,"{}",26,17,"{""name"":""polygon"",""all_points_x"":[63,60,55],""all_points_y"":[274,268,274]}","{""Defect_Class"":""Crack_Isolated""}"
20170601_144842_JABIL_QCELLS_521911172014200010_600Cycles-0Pa_s_A_V_cell_27.png,94771,"{}",26,18,"{""name"":""polygon"",""all_points_x"":[56,62,60],""all_points_y"":[284,284,290]}","{""Defect_Class"":""Crack_Isolated""}"
20170601_144842_JABIL_QCELLS_521911172014200010_600Cycles-0Pa_s_A_V_cell_27.png,94771,"{}",26,19,"{""name"":""polygon"",""all_points_x"":[110,119,118,116,112],""all_points_y"":[273,273,266,264,267]}","{""Defect_Class"":""Contact_FrontGridInterruption""}"
20170601_144842_JABIL_QCELLS_521911172014200010_600Cycles-0Pa_s_A_V_cell_27.png,94771,"{}",26,20,"{""name"":""polygon"",""all_points_x"":[258,249,253],""all_points_y"":[275,276,269]}","{""Defect_Class"":""Crack_Isolated""}"
20170601_144842_JABIL_QCELLS_521911172014200010_600Cycles-0Pa_s_A_V_cell_27.png,94771,"{}",26,21,"{""name"":""polygon"",""all_points_x"":[166,173,172,166],""all_points_y"":[286,286,290,290]}","{""Defect_Class"":""Contact_FrontGridInterruption""}"
20170601_144842_JABIL_QCELLS_521911172014200010_600Cycles-0Pa_s_A_V_cell_27.png,94771,"{}",26,22,"{""name"":""polygon"",""all_points_x"":[251,257,254],""all_points_y"":[285,285,290]}","{""Defect_Class"":""Crack_Isolated""}"
20170601_144842_JABIL_QCELLS_521911172014200010_600Cycles-0Pa_s_A_V_cell_27.png,94771,"{}",26,23,"{""name"":""rect"",""x"":33,""y"":284,""width"":5,""height"":6}","{""Defect_Class"":""Contact_FrontGridInterruption""}"
20170601_144842_JABIL_QCELLS_521911172014200010_600Cycles-0Pa_s_A_V_cell_27.png,94771,"{}",26,24,"{""name"":""rect"",""x"":194,""y"":286,""width"":5,""height"":5}","{""Defect_Class"":""Contact_FrontGridInterruption""}"
20170601_144842_JABIL_QCELLS_521911172014200010_600Cycles-0Pa_s_A_V_cell_27.png,94771,"{}",26,25,"{""name"":""rect"",""x"":274,""y"":155,""width"":6,""height"":53}","{""Defect_Class"":""Contact_FrontGridInterruption""}"
20170601_144842_JABIL_QCELLS_521911172014200010_600Cycles-0Pa_s_A_V_cell_28.png,95242,"{}",26,0,"{""name"":""rect"",""x"":90,""y"":0,""width"":7,""height"":39}","{""Defect_Class"":""Contact_NearSolderPad""}"
20170601_144842_JABIL_QCELLS_521911172014200010_600Cycles-0Pa_s_A_V_cell_28.png,95242,"{}",26,1,"{""name"":""rect"",""x"":102,""y"":1,""width"":5,""height"":40}","{""Defect_Class"":""Contact_NearSolderPad""}"
20170601_144842_JABIL_QCELLS_521911172014200010_600Cycles-0Pa_s_A_V_cell_28.png,95242,"{}",26,2,"{""name"":""rect"",""x"":125,""y"":1,""width"":9,""height"":36}","{""Defect_Class"":""Contact_FrontGridInterruption""}"
20170601_144842_JABIL_QCELLS_521911172014200010_600Cycles-0Pa_s_A_V_cell_28.png,95242,"{}",26,3,"{""name"":""rect"",""x"":216,""y"":0,""width"":7,""height"":40}","{""Defect_Class"":""Contact_FrontGridInterruption""}"
20170601_144842_JABIL_QCELLS_521911172014200010_600Cycles-0Pa_s_A_V_cell_28.png,95242,"{}",26,4,"{""name"":""rect"",""x"":232,""y"":0,""width"":6,""height"":14}","{""Defect_Class"":""Contact_FrontGridInterruption""}"
20170601_144842_JABIL_QCELLS_521911172014200010_600Cycles-0Pa_s_A_V_cell_28.png,95242,"{}",26,5,"{""name"":""rect"",""x"":146,""y"":65,""width"":6,""height"":80}","{""Defect_Class"":""Contact_FrontGridInterruption""}"
20170601_144842_JABIL_QCELLS_521911172014200010_600Cycles-0Pa_s_A_V_cell_28.png,95242,"{}",26,6,"{""name"":""rect"",""x"":157,""y"":49,""width"":7,""height"":93}","{""Defect_Class"":""Contact_FrontGridInterruption""}"
20170601_144842_JABIL_QCELLS_521911172014200010_600Cycles-0Pa_s_A_V_cell_28.png,95242,"{}",26,7,"{""name"":""rect"",""x"":231,""y"":136,""width"":9,""height"":55}","{""Defect_Class"":""Contact_FrontGridInterruption""}"
20170601_144842_JABIL_QCELLS_521911172014200010_600Cycles-0Pa_s_A_V_cell_28.png,95242,"{}",26,8,"{""name"":""rect"",""x"":243,""y"":137,""width"":10,""height"":55}","{""Defect_Class"":""Contact_FrontGridInterruption""}"
20170601_144842_JABIL_QCELLS_521911172014200010_600Cycles-0Pa_s_A_V_cell_28.png,95242,"{}",26,9,"{""name"":""rect"",""x"":112,""y"":267,""width"":6,""height"":8}","{""Defect_Class"":""Contact_FrontGridInterruption""}"
20170601_144842_JABIL_QCELLS_521911172014200010_600Cycles-0Pa_s_A_V_cell_28.png,95242,"{}",26,10,"{""name"":""rect"",""x"":274,""y"":250,""width"":5,""height"":25}","{""Defect_Class"":""Contact_FrontGridInterruption""}"
20170601_144842_JABIL_QCELLS_521911172014200010_600Cycles-0Pa_s_A_V_cell_28.png,95242,"{}",26,11,"{""name"":""rect"",""x"":62,""y"":1,""width"":8,""height"":37}","{""Defect_Class"":""Contact_NearSolderPad""}"
20170601_144842_JABIL_QCELLS_521911172014200010_600Cycles-0Pa_s_A_V_cell_28.png,95242,"{}",26,12,"{""name"":""polygon"",""all_points_x"":[53,60,61,50,50,52],""all_points_y"":[36,38,1,1,15,20]}","{""Defect_Class"":""Contact_NearSolderPad""}"
20170601_144842_JABIL_QCELLS_521911172014200010_600Cycles-0Pa_s_A_V_cell_28.png,95242,"{}",26,13,"{""name"":""polygon"",""all_points_x"":[14,14,18],""all_points_y"":[48,57,53]}","{""Defect_Class"":""Crack_Isolated""}"
20170601_144842_JABIL_QCELLS_521911172014200010_600Cycles-0Pa_s_A_V_cell_28.png,95242,"{}",26,14,"{""name"":""polygon"",""all_points_x"":[15,43,78,111,179,196,221,228,228,165,165,157,156,153,152,144,144,14],""all_points_y"":[195,196,192,184,149,155,145,139,137,137,142,143,137,136,145,145,137,137]}","{""Defect_Class"":""Crack_Resistive""}"
20170601_144842_JABIL_QCELLS_521911172014200010_600Cycles-0Pa_s_A_V_cell_28.png,95242,"{}",26,15,"{""name"":""polygon"",""all_points_x"":[61,56,60],""all_points_y"":[276,278,268]}","{""Defect_Class"":""Crack_Isolated""}"
20170601_144842_JABIL_QCELLS_521911172014200010_600Cycles-0Pa_s_A_V_cell_28.png,95242,"{}",26,16,"{""name"":""polygon"",""all_points_x"":[275,283,289,293,293],""all_points_y"":[135,129,129,131,138]}","{""Defect_Class"":""Crack_Closed""}"
20170601_144842_JABIL_QCELLS_521911172014200010_600Cycles-0Pa_s_A_V_cell_28.png,95242,"{}",26,17,"{""name"":""polygon"",""all_points_x"":[250,257,252],""all_points_y"":[276,276,268]}","{""Defect_Class"":""Crack_Isolated""}"
20170601_144842_JABIL_QCELLS_521911172014200010_600Cycles-0Pa_s_A_V_cell_28.png,95242,"{}",26,18,"{""name"":""polygon"",""all_points_x"":[273,279,280,276],""all_points_y"":[150,155,204,205]}","{""Defect_Class"":""Contact_FrontGridInterruption""}"
20170601_144842_JABIL_QCELLS_521911172014200010_600Cycles-0Pa_s_A_V_cell_28.png,95242,"{}",26,19,"{""name"":""polygon"",""all_points_x"":[187,182,181,186],""all_points_y"":[199,196,150,153]}","{""Defect_Class"":""Contact_FrontGridInterruption""}"
20170601_144842_JABIL_QCELLS_521911172014200010_600Cycles-0Pa_s_A_V_cell_28.png,95242,"{}",26,20,"{""name"":""rect"",""x"":31,""y"":286,""width"":6,""height"":4}","{""Defect_Class"":""Contact_NearSolderPad""}"
20170601_144842_JABIL_QCELLS_521911172014200010_600Cycles-0Pa_s_A_V_cell_28.png,95242,"{}",26,21,"{""name"":""rect"",""x"":106,""y"":287,""width"":9,""height"":4}","{""Defect_Class"":""Contact_NearSolderPad""}"
20170601_144842_JABIL_QCELLS_521911172014200010_600Cycles-0Pa_s_A_V_cell_28.png,95242,"{}",26,22,"{""name"":""rect"",""x"":56,""y"":286,""width"":6,""height"":4}","{""Defect_Class"":""Contact_NearSolderPad""}"
20170601_144842_JABIL_QCELLS_521911172014200010_600Cycles-0Pa_s_A_V_cell_28.png,95242,"{}",26,23,"{""name"":""rect"",""x"":75,""y"":286,""width"":4,""height"":4}","{""Defect_Class"":""Contact_NearSolderPad""}"
20170601_144842_JABIL_QCELLS_521911172014200010_600Cycles-0Pa_s_A_V_cell_28.png,95242,"{}",26,24,"{""name"":""rect"",""x"":89,""y"":287,""width"":5,""height"":3}","{""Defect_Class"":""Contact_NearSolderPad""}"
20170601_144842_JABIL_QCELLS_521911172014200010_600Cycles-0Pa_s_A_V_cell_28.png,95242,"{}",26,25,"{""name"":""rect"",""x"":250,""y"":285,""width"":5,""height"":5}","{""Defect_Class"":""Contact_NearSolderPad""}"
20170601_144842_JABIL_QCELLS_521911172014200010_600Cycles-0Pa_s_A_V_cell_29.png,95127,"{}",26,0,"{""name"":""rect"",""x"":35,""y"":0,""width"":9,""height"":40}","{""Defect_Class"":""Contact_FrontGridInterruption""}"
20170601_144842_JABIL_QCELLS_521911172014200010_600Cycles-0Pa_s_A_V_cell_29.png,95127,"{}",26,1,"{""name"":""rect"",""x"":48,""y"":1,""width"":5,""height"":16}","{""Defect_Class"":""Contact_FrontGridInterruption""}"
20170601_144842_JABIL_QCELLS_521911172014200010_600Cycles-0Pa_s_A_V_cell_29.png,95127,"{}",26,2,"{""name"":""rect"",""x"":100,""y"":0,""width"":6,""height"":42}","{""Defect_Class"":""Contact_NearSolderPad""}"
20170601_144842_JABIL_QCELLS_521911172014200010_600Cycles-0Pa_s_A_V_cell_29.png,95127,"{}",26,3,"{""name"":""rect"",""x"":94,""y"":157,""width"":11,""height"":73}","{""Defect_Class"":""Contact_NearSolderPad""}"
20170601_144842_JABIL_QCELLS_521911172014200010_600Cycles-0Pa_s_A_V_cell_29.png,95127,"{}",26,4,"{""name"":""rect"",""x"":80,""y"":160,""width"":4,""height"":69}","{""Defect_Class"":""Contact_FrontGridInterruption""}"
20170601_144842_JABIL_QCELLS_521911172014200010_600Cycles-0Pa_s_A_V_cell_29.png,95127,"{}",26,5,"{""name"":""rect"",""x"":124,""y"":45,""width"":17,""height"":59}","{""Defect_Class"":""Contact_NearSolderPad""}"
20170601_144842_JABIL_QCELLS_521911172014200010_600Cycles-0Pa_s_A_V_cell_29.png,95127,"{}",26,6,"{""name"":""rect"",""x"":169,""y"":1,""width"":5,""height"":41}","{""Defect_Class"":""Contact_FrontGridInterruption""}"
20170601_144842_JABIL_QCELLS_521911172014200010_600Cycles-0Pa_s_A_V_cell_29.png,95127,"{}",26,7,"{""name"":""rect"",""x"":185,""y"":1,""width"":5,""height"":40}","{""Defect_Class"":""Contact_FrontGridInterruption""}"
20170601_144842_JABIL_QCELLS_521911172014200010_600Cycles-0Pa_s_A_V_cell_29.png,95127,"{}",26,8,"{""name"":""rect"",""x"":211,""y"":1,""width"":6,""height"":40}","{""Defect_Class"":""Contact_FrontGridInterruption""}"
20170601_144842_JABIL_QCELLS_521911172014200010_600Cycles-0Pa_s_A_V_cell_29.png,95127,"{}",26,9,"{""name"":""rect"",""x"":130,""y"":163,""width"":7,""height"":66}","{""Defect_Class"":""Contact_FrontGridInterruption""}"
20170601_144842_JABIL_QCELLS_521911172014200010_600Cycles-0Pa_s_A_V_cell_29.png,95127,"{}",26,10,"{""name"":""rect"",""x"":182,""y"":235,""width"":6,""height"":43}","{""Defect_Class"":""Contact_NearSolderPad""}"
20170601_144842_JABIL_QCELLS_521911172014200010_600Cycles-0Pa_s_A_V_cell_29.png,95127,"{}",26,11,"{""name"":""rect"",""x"":249,""y"":158,""width"":11,""height"":72}","{""Defect_Class"":""Contact_NearSolderPad""}"
20170601_144842_JABIL_QCELLS_521911172014200010_600Cycles-0Pa_s_A_V_cell_29.png,95127,"{}",26,12,"{""name"":""rect"",""x"":270,""y"":174,""width"":10,""height"":57}","{""Defect_Class"":""Contact_NearSolderPad""}"
20170601_144842_JABIL_QCELLS_521911172014200010_600Cycles-0Pa_s_A_V_cell_29.png,95127,"{}",26,13,"{""name"":""rect"",""x"":135,""y"":235,""width"":5,""height"":42}","{""Defect_Class"":""Contact_FrontGridInterruption""}"
20170601_144842_JABIL_QCELLS_521911172014200010_600Cycles-0Pa_s_A_V_cell_29.png,95127,"{}",26,14,"{""name"":""rect"",""x"":229,""y"":1,""width"":5,""height"":16}","{""Defect_Class"":""Contact_FrontGridInterruption""}"
20170601_144842_JABIL_QCELLS_521911172014200010_600Cycles-0Pa_s_A_V_cell_29.png,95127,"{}",26,15,"{""name"":""rect"",""x"":249,""y"":1,""width"":8,""height"":42}","{""Defect_Class"":""Contact_FrontGridInterruption""}"
20170601_144842_JABIL_QCELLS_521911172014200010_600Cycles-0Pa_s_A_V_cell_29.png,95127,"{}",26,16,"{""name"":""rect"",""x"":229,""y"":233,""width"":5,""height"":19}","{""Defect_Class"":""Contact_FrontGridInterruption""}"
20170601_144842_JABIL_QCELLS_521911172014200010_600Cycles-0Pa_s_A_V_cell_29.png,95127,"{}",26,17,"{""name"":""rect"",""x"":237,""y"":234,""width"":6,""height"":43}","{""Defect_Class"":""Contact_FrontGridInterruption""}"
20170601_144842_JABIL_QCELLS_521911172014200010_600Cycles-0Pa_s_A_V_cell_29.png,95127,"{}",26,18,"{""name"":""rect"",""x"":272,""y"":252,""width"":8,""height"":25}","{""Defect_Class"":""Contact_FrontGridInterruption""}"
20170601_144842_JABIL_QCELLS_521911172014200010_600Cycles-0Pa_s_A_V_cell_29.png,95127,"{}",26,19,"{""name"":""rect"",""x"":156,""y"":52,""width"":5,""height"":85}","{""Defect_Class"":""Contact_FrontGridInterruption""}"
20170601_144842_JABIL_QCELLS_521911172014200010_600Cycles-0Pa_s_A_V_cell_29.png,95127,"{}",26,20,"{""name"":""polygon"",""all_points_x"":[15,25,59,74,88,90,102,113,122,15],""all_points_y"":[194,192,169,156,146,144,149,143,139,137]}","{""Defect_Class"":""Crack_Resistive""}"
20170601_144842_JABIL_QCELLS_521911172014200010_600Cycles-0Pa_s_A_V_cell_29.png,95127,"{}",26,21,"{""name"":""polygon"",""all_points_x"":[56,63,58],""all_points_y"":[277,277,271]}","{""Defect_Class"":""Crack_Resistive""}"
20170601_144842_JABIL_QCELLS_521911172014200010_600Cycles-0Pa_s_A_V_cell_29.png,95127,"{}",26,22,"{""name"":""polygon"",""all_points_x"":[115,118,113],""all_points_y"":[267,278,277]}","{""Defect_Class"":""Crack_Isolated""}"
20170601_144842_JABIL_QCELLS_521911172014200010_600Cycles-0Pa_s_A_V_cell_29.png,95127,"{}",26,23,"{""name"":""polygon"",""all_points_x"":[209,189,189],""all_points_y"":[233,249,233]}","{""Defect_Class"":""Crack_Isolated""}"
20170601_144842_JABIL_QCELLS_521911172014200010_600Cycles-0Pa_s_A_V_cell_29.png,95127,"{}",26,24,"{""name"":""polygon"",""all_points_x"":[253,249,253,255,255],""all_points_y"":[278,277,272,275,277]}","{""Defect_Class"":""Crack_Isolated""}"
20170601_144842_JABIL_QCELLS_521911172014200010_600Cycles-0Pa_s_A_V_cell_29.png,95127,"{}",26,25,"{""name"":""polygon"",""all_points_x"":[140,147,154,160,160,168,168],""all_points_y"":[42,35,24,2,0,1,41]}","{""Defect_Class"":""Crack_Resistive""}"
20170601_144842_JABIL_QCELLS_521911172014200010_600Cycles-0Pa_s_A_V_cell_30.png,96512,"{}",26,0,"{""name"":""polygon"",""all_points_x"":[60,58,54],""all_points_y"":[278,274,278]}","{""Defect_Class"":""Crack_Isolated""}"
20170601_144842_JABIL_QCELLS_521911172014200010_600Cycles-0Pa_s_A_V_cell_30.png,96512,"{}",26,1,"{""name"":""polygon"",""all_points_x"":[10,10,16],""all_points_y"":[53,61,56]}","{""Defect_Class"":""Crack_Isolated""}"
20170601_144842_JABIL_QCELLS_521911172014200010_600Cycles-0Pa_s_A_V_cell_30.png,96512,"{}",26,2,"{""name"":""polygon"",""all_points_x"":[246,252,248],""all_points_y"":[280,279,273]}","{""Defect_Class"":""Crack_Isolated""}"
20170601_144842_JABIL_QCELLS_521911172014200010_600Cycles-0Pa_s_A_V_cell_30.png,96512,"{}",26,3,"{""name"":""rect"",""x"":44,""y"":1,""width"":6,""height"":20}","{""Defect_Class"":""Contact_FrontGridInterruption""}"
20170601_144842_JABIL_QCELLS_521911172014200010_600Cycles-0Pa_s_A_V_cell_30.png,96512,"{}",26,4,"{""name"":""rect"",""x"":63,""y"":155,""width"":5,""height"":63}","{""Defect_Class"":""Contact_FrontGridInterruption""}"
20170601_144842_JABIL_QCELLS_521911172014200010_600Cycles-0Pa_s_A_V_cell_30.png,96512,"{}",26,5,"{""name"":""rect"",""x"":80,""y"":235,""width"":5,""height"":38}","{""Defect_Class"":""Contact_FrontGridInterruption""}"
20170601_144842_JABIL_QCELLS_521911172014200010_600Cycles-0Pa_s_A_V_cell_30.png,96512,"{}",26,6,"{""name"":""rect"",""x"":92,""y"":233,""width"":8,""height"":47}","{""Defect_Class"":""Contact_NearSolderPad""}"
20170601_144842_JABIL_QCELLS_521911172014200010_600Cycles-0Pa_s_A_V_cell_30.png,96512,"{}",26,7,"{""name"":""rect"",""x"":103,""y"":234,""width"":9,""height"":45}","{""Defect_Class"":""Contact_NearSolderPad""}"
20170601_144842_JABIL_QCELLS_521911172014200010_600Cycles-0Pa_s_A_V_cell_30.png,96512,"{}",26,8,"{""name"":""rect"",""x"":125,""y"":236,""width"":18,""height"":43}","{""Defect_Class"":""Contact_NearSolderPad""}"
20170601_144842_JABIL_QCELLS_521911172014200010_600Cycles-0Pa_s_A_V_cell_30.png,96512,"{}",26,9,"{""name"":""rect"",""x"":144,""y"":235,""width"":7,""height"":44}","{""Defect_Class"":""Contact_NearSolderPad""}"
20170601_144842_JABIL_QCELLS_521911172014200010_600Cycles-0Pa_s_A_V_cell_30.png,96512,"{}",26,10,"{""name"":""rect"",""x"":140,""y"":62,""width"":9,""height"":84}","{""Defect_Class"":""Contact_FrontGridInterruption""}"
20170601_144842_JABIL_QCELLS_521911172014200010_600Cycles-0Pa_s_A_V_cell_30.png,96512,"{}",26,11,"{""name"":""rect"",""x"":269,""y"":254,""width"":6,""height"":27}","{""Defect_Class"":""Contact_FrontGridInterruption""}"
20170601_144842_JABIL_QCELLS_521911172014200010_600Cycles-0Pa_s_A_V_cell_30.png,96512,"{}",26,12,"{""name"":""rect"",""x"":120,""y"":0,""width"":11,""height"":45}","{""Defect_Class"":""Contact_NearSolderPad""}"
20170601_144842_JABIL_QCELLS_521911172014200010_600Cycles-0Pa_s_A_V_cell_30.png,96512,"{}",26,13,"{""name"":""rect"",""x"":76,""y"":0,""width"":5,""height"":45}","{""Defect_Class"":""Contact_NearSolderPad""}"
20170601_144842_JABIL_QCELLS_521911172014200010_600Cycles-0Pa_s_A_V_cell_30.png,96512,"{}",26,14,"{""name"":""rect"",""x"":84,""y"":1,""width"":8,""height"":43}","{""Defect_Class"":""Contact_NearSolderPad""}"
20170601_144842_JABIL_QCELLS_521911172014200010_600Cycles-0Pa_s_A_V_cell_30.png,96512,"{}",26,15,"{""name"":""rect"",""x"":95,""y"":1,""width"":8,""height"":43}","{""Defect_Class"":""Contact_NearSolderPad""}"
20170601_144842_JABIL_QCELLS_521911172014200010_600Cycles-0Pa_s_A_V_cell_30.png,96512,"{}",26,16,"{""name"":""rect"",""x"":105,""y"":1,""width"":4,""height"":43}","{""Defect_Class"":""Contact_NearSolderPad""}"
20170601_144842_JABIL_QCELLS_521911172014200010_600Cycles-0Pa_s_A_V_cell_30.png,96512,"{}",26,17,"{""name"":""rect"",""x"":74,""y"":47,""width"":7,""height"":60}","{""Defect_Class"":""Contact_FrontGridInterruption""}"
20170601_144842_JABIL_QCELLS_521911172014200010_600Cycles-0Pa_s_A_V_cell_30.png,96512,"{}",26,18,"{""name"":""rect"",""x"":176,""y"":146,""width"":7,""height"":78}","{""Defect_Class"":""Contact_FrontGridInterruption""}"
20170601_144842_JABIL_QCELLS_521911172014200010_600Cycles-0Pa_s_A_V_cell_30.png,96512,"{}",26,19,"{""name"":""rect"",""x"":171,""y"":237,""width"":7,""height"":43}","{""Defect_Class"":""Contact_NearSolderPad""}"
20170601_144842_JABIL_QCELLS_521911172014200010_600Cycles-0Pa_s_A_V_cell_30.png,96512,"{}",26,20,"{""name"":""rect"",""x"":212,""y"":50,""width"":7,""height"":60}","{""Defect_Class"":""Contact_FrontGridInterruption""}"
20170601_144842_JABIL_QCELLS_521911172014200010_600Cycles-0Pa_s_A_V_cell_30.png,96512,"{}",26,21,"{""name"":""rect"",""x"":144,""y"":1,""width"":6,""height"":31}","{""Defect_Class"":""Contact_NearSolderPad""}"
20170601_144842_JABIL_QCELLS_521911172014200010_600Cycles-0Pa_s_A_V_cell_30.png,96512,"{}",26,22,"{""name"":""rect"",""x"":174,""y"":1,""width"":6,""height"":30}","{""Defect_Class"":""Contact_NearSolderPad""}"
20170601_144842_JABIL_QCELLS_521911172014200010_600Cycles-0Pa_s_A_V_cell_30.png,96512,"{}",26,23,"{""name"":""rect"",""x"":225,""y"":2,""width"":11,""height"":41}","{""Defect_Class"":""Contact_NearSolderPad""}"
20170601_144842_JABIL_QCELLS_521911172014200010_600Cycles-0Pa_s_A_V_cell_30.png,96512,"{}",26,24,"{""name"":""rect"",""x"":237,""y"":69,""width"":6,""height"":54}","{""Defect_Class"":""Contact_FrontGridInterruption""}"
20170601_144842_JABIL_QCELLS_521911172014200010_600Cycles-0Pa_s_A_V_cell_30.png,96512,"{}",26,25,"{""name"":""rect"",""x"":263,""y"":84,""width"":6,""height"":46}","{""Defect_Class"":""Contact_FrontGridInterruption""}"
20170601_144842_JABIL_QCELLS_521911172014200010_600Cycles-0Pa_s_A_V_cell_31.png,95866,"{}",38,0,"{""name"":""polygon"",""all_points_x"":[34,33,39,39],""all_points_y"":[1,16,16,1]}","{""Defect_Class"":""Contact_FrontGridInterruption""}"
20170601_144842_JABIL_QCELLS_521911172014200010_600Cycles-0Pa_s_A_V_cell_31.png,95866,"{}",38,1,"{""name"":""polygon"",""all_points_x"":[35,39,37,31],""all_points_y"":[57,58,126,126]}","{""Defect_Class"":""Contact_NearSolderPad""}"
20170601_144842_JABIL_QCELLS_521911172014200010_600Cycles-0Pa_s_A_V_cell_31.png,95866,"{}",38,2,"{""name"":""polygon"",""all_points_x"":[67,73,73,69],""all_points_y"":[269,269,255,254]}","{""Defect_Class"":""Contact_FrontGridInterruption""}"
20170601_144842_JABIL_QCELLS_521911172014200010_600Cycles-0Pa_s_A_V_cell_31.png,95866,"{}",38,3,"{""name"":""polygon"",""all_points_x"":[156,163,161,155],""all_points_y"":[131,131,223,223]}","{""Defect_Class"":""Contact_NearSolderPad""}"
20170601_144842_JABIL_QCELLS_521911172014200010_600Cycles-0Pa_s_A_V_cell_31.png,95866,"{}",38,4,"{""name"":""polygon"",""all_points_x"":[199,203,203,197,197,198],""all_points_y"":[226,226,271,272,270,270]}","{""Defect_Class"":""Contact_NearSolderPad""}"
20170601_144842_JABIL_QCELLS_521911172014200010_600Cycles-0Pa_s_A_V_cell_31.png,95866,"{}",38,5,"{""name"":""polygon"",""all_points_x"":[124,129,131,126],""all_points_y"":[0,1,33,34]}","{""Defect_Class"":""Contact_NearSolderPad""}"
20170601_144842_JABIL_QCELLS_521911172014200010_600Cycles-0Pa_s_A_V_cell_31.png,95866,"{}",38,6,"{""name"":""polygon"",""all_points_x"":[37,47,46,36],""all_points_y"":[283,284,290,290]}","{""Defect_Class"":""Contact_NearSolderPad""}"
20170601_144842_JABIL_QCELLS_521911172014200010_600Cycles-0Pa_s_A_V_cell_31.png,95866,"{}",38,7,"{""name"":""polygon"",""all_points_x"":[257,260,261,254],""all_points_y"":[132,133,222,222]}","{""Defect_Class"":""Contact_NearSolderPad""}"
20170601_144842_JABIL_QCELLS_521911172014200010_600Cycles-0Pa_s_A_V_cell_31.png,95866,"{}",38,8,"{""name"":""polygon"",""all_points_x"":[209,220,220,210],""all_points_y"":[33,34,0,1]}","{""Defect_Class"":""Contact_NearSolderPad""}"
20170601_144842_JABIL_QCELLS_521911172014200010_600Cycles-0Pa_s_A_V_cell_31.png,95866,"{}",38,9,"{""name"":""polygon"",""all_points_x"":[237,249,251,234],""all_points_y"":[0,1,34,36]}","{""Defect_Class"":""Contact_NearSolderPad""}"
20170601_144842_JABIL_QCELLS_521911172014200010_600Cycles-0Pa_s_A_V_cell_31.png,95866,"{}",38,10,"{""name"":""polygon"",""all_points_x"":[260,267,267,257],""all_points_y"":[1,1,33,34]}","{""Defect_Class"":""Contact_NearSolderPad""}"
20170601_144842_JABIL_QCELLS_521911172014200010_600Cycles-0Pa_s_A_V_cell_31.png,95866,"{}",38,11,"{""name"":""polygon"",""all_points_x"":[72,70,60],""all_points_y"":[127,123,128]}","{""Defect_Class"":""Crack_Closed""}"
20170601_144842_JABIL_QCELLS_521911172014200010_600Cycles-0Pa_s_A_V_cell_31.png,95866,"{}",38,12,"{""name"":""polygon"",""all_points_x"":[285,284,287,288],""all_points_y"":[1,18,18,1]}","{""Defect_Class"":""Contact_FrontGridInterruption""}"
20170601_144842_JABIL_QCELLS_521911172014200010_600Cycles-0Pa_s_A_V_cell_31.png,95866,"{}",38,13,"{""name"":""polygon"",""all_points_x"":[161,165,164,161],""all_points_y"":[1,1,34,34]}","{""Defect_Class"":""Contact_NearSolderPad""}"
20170601_144842_JABIL_QCELLS_521911172014200010_600Cycles-0Pa_s_A_V_cell_31.png,95866,"{}",38,14,"{""name"":""polygon"",""all_points_x"":[171,167,167,171],""all_points_y"":[32,33,0,1]}","{""Defect_Class"":""Contact_NearSolderPad""}"
20170601_144842_JABIL_QCELLS_521911172014200010_600Cycles-0Pa_s_A_V_cell_31.png,95866,"{}",38,15,"{""name"":""polygon"",""all_points_x"":[177,174,174,178],""all_points_y"":[32,32,1,0]}","{""Defect_Class"":""Contact_NearSolderPad""}"
20170601_144842_JABIL_QCELLS_521911172014200010_600Cycles-0Pa_s_A_V_cell_31.png,95866,"{}",38,16,"{""name"":""polygon"",""all_points_x"":[171,166,168,171],""all_points_y"":[221,221,136,138]}","{""Defect_Class"":""Contact_FrontGridInterruption""}"
20170601_144842_JABIL_QCELLS_521911172014200010_600Cycles-0Pa_s_A_V_cell_31.png,95866,"{}",38,17,"{""name"":""polygon"",""all_points_x"":[179,182,182,178],""all_points_y"":[220,220,186,187]}","{""Defect_Class"":""Contact_FrontGridInterruption""}"
20170601_144842_JABIL_QCELLS_521911172014200010_600Cycles-0Pa_s_A_V_cell_31.png,95866,"{}",38,18,"{""name"":""polygon"",""all_points_x"":[196,201,203,199],""all_points_y"":[220,220,173,172]}","{""Defect_Class"":""Contact_FrontGridInterruption""}"
20170601_144842_JABIL_QCELLS_521911172014200010_600Cycles-0Pa_s_A_V_cell_31.png,95866,"{}",38,19,"{""name"":""polygon"",""all_points_x"":[210,206,208,210],""all_points_y"":[221,221,158,157]}","{""Defect_Class"":""Contact_FrontGridInterruption""}"
20170601_144842_JABIL_QCELLS_521911172014200010_600Cycles-0Pa_s_A_V_cell_31.png,95866,"{}",38,20,"{""name"":""polygon"",""all_points_x"":[219,216,218,221],""all_points_y"":[221,220,150,150]}","{""Defect_Class"":""Contact_FrontGridInterruption""}"
20170601_144842_JABIL_QCELLS_521911172014200010_600Cycles-0Pa_s_A_V_cell_31.png,95866,"{}",38,21,"{""name"":""polygon"",""all_points_x"":[225,236,237,229],""all_points_y"":[222,222,160,157]}","{""Defect_Class"":""Contact_FrontGridInterruption""}"
20170601_144842_JABIL_QCELLS_521911172014200010_600Cycles-0Pa_s_A_V_cell_31.png,95866,"{}",38,22,"{""name"":""polygon"",""all_points_x"":[241,246,248,243],""all_points_y"":[221,221,161,159]}","{""Defect_Class"":""Contact_FrontGridInterruption""}"
20170601_144842_JABIL_QCELLS_521911172014200010_600Cycles-0Pa_s_A_V_cell_31.png,95866,"{}",38,23,"{""name"":""polygon"",""all_points_x"":[77,83,82,78],""all_points_y"":[64,65,127,126]}","{""Defect_Class"":""Contact_FrontGridInterruption""}"
20170601_144842_JABIL_QCELLS_521911172014200010_600Cycles-0Pa_s_A_V_cell_31.png,95866,"{}",38,24,"{""name"":""polygon"",""all_points_x"":[141,145,145,140],""all_points_y"":[63,64,114,115]}","{""Defect_Class"":""Contact_FrontGridInterruption""}"
20170601_144842_JABIL_QCELLS_521911172014200010_600Cycles-0Pa_s_A_V_cell_31.png,95866,"{}",38,25,"{""name"":""polygon"",""all_points_x"":[267,262,262,269],""all_points_y"":[222,221,161,164]}","{""Defect_Class"":""Contact_FrontGridInterruption""}"
20170601_144842_JABIL_QCELLS_521911172014200010_600Cycles-0Pa_s_A_V_cell_31.png,95866,"{}",38,26,"{""name"":""polygon"",""all_points_x"":[255,251,250,254],""all_points_y"":[249,249,270,270]}","{""Defect_Class"":""Contact_FrontGridInterruption""}"
20170601_144842_JABIL_QCELLS_521911172014200010_600Cycles-0Pa_s_A_V_cell_31.png,95866,"{}",38,27,"{""name"":""polygon"",""all_points_x"":[292,285,292],""all_points_y"":[210,210,215]}","{""Defect_Class"":""Crack_Isolated""}"
20170601_144842_JABIL_QCELLS_521911172014200010_600Cycles-0Pa_s_A_V_cell_31.png,95866,"{}",38,28,"{""name"":""polygon"",""all_points_x"":[32,29,19,19,29],""all_points_y"":[222,217,221,226,229]}","{""Defect_Class"":""Crack_Closed""}"
20170601_144842_JABIL_QCELLS_521911172014200010_600Cycles-0Pa_s_A_V_cell_31.png,95866,"{}",38,29,"{""name"":""rect"",""x"":53,""y"":284,""width"":5,""height"":6}","{""Defect_Class"":""Contact_NearSolderPad""}"
20170601_144842_JABIL_QCELLS_521911172014200010_600Cycles-0Pa_s_A_V_cell_31.png,95866,"{}",38,30,"{""name"":""rect"",""x"":70,""y"":283,""width"":3,""height"":7}","{""Defect_Class"":""Contact_NearSolderPad""}"
20170601_144842_JABIL_QCELLS_521911172014200010_600Cycles-0Pa_s_A_V_cell_31.png,95866,"{}",38,31,"{""name"":""rect"",""x"":79,""y"":284,""width"":10,""height"":7}","{""Defect_Class"":""Contact_NearSolderPad""}"
20170601_144842_JABIL_QCELLS_521911172014200010_600Cycles-0Pa_s_A_V_cell_31.png,95866,"{}",38,32,"{""name"":""rect"",""x"":94,""y"":284,""width"":6,""height"":7}","{""Defect_Class"":""Contact_NearSolderPad""}"
20170601_144842_JABIL_QCELLS_521911172014200010_600Cycles-0Pa_s_A_V_cell_31.png,95866,"{}",38,33,"{""name"":""rect"",""x"":103,""y"":284,""width"":7,""height"":6}","{""Defect_Class"":""Contact_NearSolderPad""}"
20170601_144842_JABIL_QCELLS_521911172014200010_600Cycles-0Pa_s_A_V_cell_31.png,95866,"{}",38,34,"{""name"":""rect"",""x"":125,""y"":284,""width"":13,""height"":6}","{""Defect_Class"":""Contact_NearSolderPad""}"
20170601_144842_JABIL_QCELLS_521911172014200010_600Cycles-0Pa_s_A_V_cell_31.png,95866,"{}",38,35,"{""name"":""rect"",""x"":144,""y"":285,""width"":5,""height"":5}","{""Defect_Class"":""Contact_NearSolderPad""}"
20170601_144842_JABIL_QCELLS_521911172014200010_600Cycles-0Pa_s_A_V_cell_31.png,95866,"{}",38,36,"{""name"":""rect"",""x"":226,""y"":284,""width"":6,""height"":6}","{""Defect_Class"":""Contact_FrontGridInterruption""}"
20170601_144842_JABIL_QCELLS_521911172014200010_600Cycles-0Pa_s_A_V_cell_31.png,95866,"{}",38,37,"{""name"":""polygon"",""all_points_x"":[34,30,26,24,24,28,33,36],""all_points_y"":[37,39,40,36,33,30,29,30]}","{""Defect_Class"":""Crack_Closed""}"